<?xml version='1.0' encoding='UTF-8' ?>
<timeLogEntries>
  <time id="81" path="/No Proyecto/PSP Fundamentals &amp; Advanced/Program 6/Code" start="@1492308179936" delta="5" flag="A" />
  <time id="82" path="/No Proyecto/PSP Fundamentals &amp; Advanced/Program 6/Code" start="@1492308852784" delta="9" interrupt="11" flag="A" />
  <time id="83" path="/No Proyecto/PSP Fundamentals &amp; Advanced/Program 6/Code Review" start="@1492310067505" delta="2" flag="A" />
  <time id="84" path="/No Proyecto/PSP Fundamentals &amp; Advanced/Program 6/Test" start="@1492310258144" delta="7" flag="A" />
  <time id="85" path="/No Proyecto/PSP Fundamentals &amp; Advanced/Program 6/Test" start="@1492310692431" delta="9" interrupt="1" flag="A" />
  <time id="86" path="/No Proyecto/PSP Fundamentals &amp; Advanced/Program 6/Test" start="@1492313211636" delta="9" flag="A" />
  <time id="87" path="/No Proyecto/PSP Fundamentals &amp; Advanced/Program 6/Postmortem" start="@1492313725139" delta="3" flag="A" />
  <time id="88" path="/No Proyecto/PSP Fundamentals &amp; Advanced/Program 6/Postmortem" start="@1492314287908" delta="8" flag="A" />
</timeLogEntries>
